<keymap version="1" name="Default copy" parent="Default for XWin">
  <action id="Build">
    <keyboard-shortcut first-keystroke="f5" />
  </action>
  <action id="CompareTwoFiles" />
  <action id="CopyElement" />
  <action id="Diff.ShowDiff" />
  <action id="EditorDuplicate" />
  <action id="FileChooser.GotoDesktop" />
  <action id="Generate">
    <keyboard-shortcut first-keystroke="alt g" />
  </action>
  <action id="Move" />
  <action id="PreviousEditorTab">
    <keyboard-shortcut first-keystroke="shift ctrl left" />
  </action>
  <action id="Run">
    <keyboard-shortcut first-keystroke="f6" />
  </action>
  <action id="SelectNextOccurrence">
    <keyboard-shortcut first-keystroke="ctrl d" />
  </action>
  <action id="SendEOF" />
  <action id="Vcs.Log.FocusTextFilter" />
  <action id="openAssertEqualsDiff" />
</keymap>